
INSERT INTO `users` (`user_id`, `first_name`, `last_name`, `email`, `phone_no`, `profile_pic`, `signature`, `created_at`, `updated_at`) VALUES
('b25cpJyMrZXVjMl3YUecd1A1fOD2', 'eason', NULL, 'devtest@gmail.com\r\n', NULL, NULL, NULL, '2023-11-06 07:51:56', '2023-11-06 07:51:56'),
('y4ZqAOyIVzT79rwaR1RCjervNlB2', 'sheng', NULL, 'devtest2@gmail.com\r\n', NULL, NULL, NULL, '2023-11-06 07:52:43', '2023-11-06 07:52:43');



INSERT INTO `system_currencies` (`code`, `symbol`, `name`, `effective_rate`, `created_at`, `updated_at`) VALUES
('AED', 'د.إ', 'United Arab Emirates Dirham', '126.7391', '2023-08-25 09:14:34', '2023-08-25 07:54:10'),
('AUD', '$', 'Australian Dollar', '2.9866', '2023-08-25 09:14:34', '2023-08-25 07:54:10'),
('BND', 'B$', 'Brunei Dollar', '3.4312', '2023-08-25 09:14:34', '2023-08-25 07:54:10'),
('CAD', '$', 'Canadian Dollar', '3.4272', '2023-08-25 09:14:34', '2023-08-25 07:54:10'),
('CHF', 'CHF', 'Swiss Franc', '5.2569', '2023-08-25 09:14:34', '2023-08-25 07:54:10'),
('CNY', '¥', 'Chinese Yuan', '0.6395', '2023-08-25 09:14:34', '2023-08-25 07:54:10'),
('EGP', 'E£', 'Egyptian Pound', '0.1506', '2023-08-25 09:14:34', '2023-08-25 07:54:10'),
('EUR', '€', 'Euro', '5.0251', '2023-08-25 09:14:34', '2023-08-25 07:54:10'),
('GBP', '£', 'British Pound Sterling', '5.8606', '2023-08-25 09:14:34', '2023-08-25 07:54:10'),
('HKD', 'HK$', 'Hong Kong Dollar', '59.3527', '2023-08-25 09:14:34', '2023-08-25 07:54:10'),
('IDR', 'Rp', 'Indonesian Rupiah', '0.0305', '2023-08-25 09:14:34', '2023-08-25 07:54:10'),
('INR', '₹', 'Indian Rupee', '5.6344', '2023-08-25 09:14:34', '2023-08-25 07:54:10'),
('JPY', '¥', 'Japanese Yen', '3.1874', '2023-08-25 09:14:34', '2023-08-25 07:54:10'),
('KHR', '៛', 'Cambodian Riel', '0.1118', '2023-08-25 09:14:34', '2023-08-25 07:54:10'),
('MMK', 'K', 'Myanmar Kyat', '0.2223', '2023-08-25 09:14:34', '2023-08-25 07:54:10'),
('MYR', 'RM', 'Malaysian Ringgit', NULL, '2023-08-24 09:17:27', '2023-08-24 09:17:27'),
('NPR', 'रू', 'Nepalese Rupee', '3.5232', '2023-08-25 09:18:02', '2023-08-25 07:54:10'),
('NZD', '$', 'New Zealand Dollar', '2.7567', '2023-08-25 09:18:02', '2023-08-25 07:54:10'),
('PHP', '₱', 'Philippine Peso', '8.2055', '2023-08-25 09:18:02', '2023-08-25 07:54:10'),
('PKR', '₨', 'Pakistani Rupee', '1.5364', '2023-08-25 09:18:02', '2023-08-25 07:54:10'),
('SAR', '﷼', 'Saudi Riyal', '124.0837', '2023-08-25 09:18:02', '2023-08-25 07:54:10'),
('SDR', 'XDR', 'Special Drawing Rights', '6.1906', '2023-08-25 09:18:02', '2023-08-25 07:54:10'),
('SGD', 'S$', 'Singapore Dollar', '3.4312', '2023-08-25 09:18:02', '2023-08-25 07:54:10'),
('THB', '฿', 'Thai Baht', '13.2810', '2023-08-25 09:18:02', '2023-08-25 07:54:10'),
('TWD', 'NT$', 'New Taiwan Dollar', '14.6283', '2023-08-25 09:18:02', '2023-08-25 07:54:10'),
('USD', '$', 'United States Dollar', '4.6550', '2023-08-25 09:18:02', '2023-08-25 07:54:10'),
('VND', '₫', 'Vietnamese Dong', '0.0194', '2023-08-25 09:18:02', '2023-08-25 07:54:10');




INSERT INTO `accounts` (`account_id`, `code`, `company_id`, `name`, `description`, `currency_code`, `balance`, `type`, `classification`, `system_type`, `parent_id`, `is_locked`, `is_active`, `created_at`, `updated_at`) VALUES
('065611873f601d015ac074426d94fa8818ba3b6ce0b', '6516', 'f972839551fa832ea1782ca03408276818ba3b6cdce', 'Office Expense', 'Expenses for running & maintaining the office.', 'MYR', '0.00', 'Expenses', NULL, NULL, NULL, 0, 1, '2023-11-06 08:19:08', '2023-11-06 08:19:08'),
('07d75a3e6fcfce5a5973313294d7a8b618ba3b6ce0b', '4000', 'f972839551fa832ea1782ca03408276818ba3b6cdce', 'Retained Earnings', 'Account used to track past year earnings.', 'MYR', '0.00', 'Equity', NULL, 'Retained Earnings', NULL, 1, 1, '2023-11-06 08:19:08', '2023-11-06 08:19:08'),
('0e5b8cea76f9eb316ed8daa1ef82d9e618ba3b77dea', '3002', '5a8d23e2ead32d6a547bb3800ad43fa918ba3b77de1', 'SST Payable', 'SST amount payable to Royal Malaysian Customs.', 'MYR', '0.00', 'Current Liabilities', NULL, 'SST Payable', NULL, 1, 1, '2023-11-06 08:19:53', '2023-11-06 08:19:53'),
('0fb6f51107cb50ccdd88efcb36b9c89018ba3b6ce0b', '6504', 'f972839551fa832ea1782ca03408276818ba3b6cdce', 'Salaries & Wages', 'Salaries paid to your employees.', 'MYR', '0.00', 'Expenses', NULL, 'Salary Expense', NULL, 0, 1, '2023-11-06 08:19:08', '2023-11-06 08:19:08'),
('11a64a5a55015cb2c64c63200d625e6618ba3b6ce0b', '6508', 'f972839551fa832ea1782ca03408276818ba3b6cdce', 'Interest Paid', 'Interest expenses paid to banks & etc.', 'MYR', '0.00', 'Expenses', NULL, NULL, NULL, 0, 1, '2023-11-06 08:19:08', '2023-11-06 08:19:08'),
('140d983b93908b14799c7690ee3492d618ba3b6ce0b', '6520', 'f972839551fa832ea1782ca03408276818ba3b6cdce', 'Daily Commute Expense', 'Road tolls, parking, petrol & other expenses related to business purpose.', 'MYR', '0.00', 'Expenses', NULL, NULL, NULL, 0, 1, '2023-11-06 08:19:08', '2023-11-06 08:19:08'),
('17cf0a830a32711f5ff651911b841d6a18ba3b6ce0b', '6505', 'f972839551fa832ea1782ca03408276818ba3b6cdce', 'Rounding Loss', 'Loss due to rounding.', 'MYR', '0.00', 'Expenses', NULL, 'Rounding Loss', NULL, 1, 1, '2023-11-06 08:19:08', '2023-11-06 08:19:08'),
('1dcadd96c5426b946ada422365d8426f18ba3b77dea', '6506', '5a8d23e2ead32d6a547bb3800ad43fa918ba3b77de1', 'Exchange Loss', 'Loss due to currency exchange rate changes.', 'MYR', '0.00', 'Expenses', NULL, 'Exchange Loss', NULL, 1, 1, '2023-11-06 08:19:53', '2023-11-06 08:19:53'),
('1eac51ab7ce2186e008be3ba9222fd0018ba3b6ce0b', '6502', 'f972839551fa832ea1782ca03408276818ba3b6cdce', 'SOCSO - Employer\'s Contribution', NULL, 'MYR', '0.00', 'Expenses', NULL, 'SOCSO Expense', NULL, 0, 1, '2023-11-06 08:19:08', '2023-11-06 08:19:08'),
('215df16793ad74e3eda6afd9b812e3c618ba3b6ce0b', '5001', 'f972839551fa832ea1782ca03408276818ba3b6cdce', 'Discount Given', NULL, 'MYR', '0.00', 'Income', NULL, 'Discount Given', NULL, 1, 1, '2023-11-06 08:19:08', '2023-11-06 08:19:08'),
('21f2a3850aa230a331a741d4c1c4529d18ba3b6ce0b', '3007', 'f972839551fa832ea1782ca03408276818ba3b6cdce', 'MTD Control', 'Monthly Tax Deductions (PCB) amount payable to LHDN Malaysia.', 'MYR', '0.00', 'Current Liabilities', NULL, 'MTD Control', NULL, 1, 1, '2023-11-06 08:19:08', '2023-11-06 08:19:08'),
('22b063cdf65705a1a1178221b90d2f9818ba3b6ce0b', '4001', 'f972839551fa832ea1782ca03408276818ba3b6cdce', 'Owner\'s Share Capital', NULL, 'MYR', '0.00', 'Equity', 'Financing', NULL, NULL, 0, 1, '2023-11-06 08:19:08', '2023-11-06 08:19:08'),
('27f3624640b70089b90292d7c374b52818ba3b77dea', '1000-01', '5a8d23e2ead32d6a547bb3800ad43fa918ba3b77de1', 'Bank Account', NULL, 'MYR', '0.00', 'Current Assets', NULL, 'Bank/Cash', '92d5217a6dd98f871c83d57b6f9d2c0f18ba3b77dea', 0, 1, '2023-11-06 08:19:53', '2023-11-06 08:19:53'),
('2c3c7706a55fef5a05e16f31167b752d18ba3b77dea', '6000', '5a8d23e2ead32d6a547bb3800ad43fa918ba3b77de1', 'Cost of Sales', 'Cost of sales / goods sold by the business.', 'MYR', '0.00', 'Cost of Sales', NULL, NULL, NULL, 0, 1, '2023-11-06 08:19:53', '2023-11-06 08:19:53'),
('2df6fde18d798d2a4c530465ea9b2f8c18ba3b77dea', '4001', '5a8d23e2ead32d6a547bb3800ad43fa918ba3b77de1', 'Owner\'s Share Capital', NULL, 'MYR', '0.00', 'Equity', 'Financing', NULL, NULL, 0, 1, '2023-11-06 08:19:53', '2023-11-06 08:19:53'),
('311aa1892101685bbb56e359bf1ba92518ba3b77dea', '6503', '5a8d23e2ead32d6a547bb3800ad43fa918ba3b77de1', 'EIS - Employer\'s Contribution', NULL, 'MYR', '0.00', 'Expenses', NULL, 'EIS Expense', NULL, 0, 1, '2023-11-06 08:19:53', '2023-11-06 08:19:53'),
('369925760a545225eedfc83312f8cbfb18ba3b77dea', '6505', '5a8d23e2ead32d6a547bb3800ad43fa918ba3b77de1', 'Rounding Loss', 'Loss due to rounding.', 'MYR', '0.00', 'Expenses', NULL, 'Rounding Loss', NULL, 1, 1, '2023-11-06 08:19:53', '2023-11-06 08:19:53'),
('3b65e26271637519455dfb76eb08c5a418ba3b6ce0b', '1000-01', 'f972839551fa832ea1782ca03408276818ba3b6cdce', 'Bank Account', NULL, 'MYR', '0.00', 'Current Assets', NULL, 'Bank/Cash', '7cda224eedd5efc81cf286e0c04fa52818ba3b6ce0a', 0, 1, '2023-11-06 08:19:08', '2023-11-06 08:19:08'),
('3ef17b99b46d417544ef9a9ea178ddf018ba3b6ce0b', '3004', 'f972839551fa832ea1782ca03408276818ba3b6cdce', 'EPF Control', 'EPF amount payable to KWSP Malaysia.', 'MYR', '0.00', 'Current Liabilities', NULL, 'EPF Control', NULL, 1, 1, '2023-11-06 08:19:08', '2023-11-06 08:19:08'),
('43a1628419d7b9018c0e062e2988ceee18ba3b77dea', '3006', '5a8d23e2ead32d6a547bb3800ad43fa918ba3b77de1', 'EIS Control', 'EIS amount payable to Perkeso Malaysia.', 'MYR', '0.00', 'Current Liabilities', NULL, 'EIS Control', NULL, 1, 1, '2023-11-06 08:19:53', '2023-11-06 08:19:53'),
('44b17b0181dc9486dd4da1e94648537618ba3b77dea', '1001', '5a8d23e2ead32d6a547bb3800ad43fa918ba3b77de1', 'Accounts Receivable', 'Expected payments from your customers.', 'MYR', '0.00', 'Current Assets', 'Operating', 'Account Receivable', NULL, 0, 1, '2023-11-06 08:19:53', '2023-11-06 08:19:53'),
('459490c8414ffa9ed5d039f2a880b3a118ba3b77dea', '3001', '5a8d23e2ead32d6a547bb3800ad43fa918ba3b77de1', 'Accounts Payable', 'Payments you owe to your suppliers.', 'MYR', '0.00', 'Current Liabilities', 'Operating', 'Accounts Payable', NULL, 0, 1, '2023-11-06 08:19:53', '2023-11-06 08:19:53'),
('48b7db06d10f70bb5eace3827b5cf0ce18ba3b77dea', '3004', '5a8d23e2ead32d6a547bb3800ad43fa918ba3b77de1', 'EPF Control', 'EPF amount payable to KWSP Malaysia.', 'MYR', '0.00', 'Current Liabilities', NULL, 'EPF Control', NULL, 1, 1, '2023-11-06 08:19:53', '2023-11-06 08:19:53'),
('4bc2c3d72e48bf98b3c30751d6d650cb18ba3b77dea', '6510', '5a8d23e2ead32d6a547bb3800ad43fa918ba3b77de1', 'Advertising & Promotion', 'Advertising & promotion spent on the business particularly in increasing sales.', 'MYR', '0.00', 'Expenses', NULL, NULL, NULL, 0, 1, '2023-11-06 08:19:53', '2023-11-06 08:19:53'),
('4cc10ae822473ba5306facedd40effcf18ba3b77dea', '6512', '5a8d23e2ead32d6a547bb3800ad43fa918ba3b77de1', 'Telephone & Internet', 'Phone lines, internet connections for the business.', 'MYR', '0.00', 'Expenses', NULL, NULL, NULL, 0, 1, '2023-11-06 08:19:53', '2023-11-06 08:19:53'),
('4fa3e5e088583af73aefa1af01d85d1518ba3b6ce0b', '6509', 'f972839551fa832ea1782ca03408276818ba3b6cdce', 'Bank Charges', 'Fees charged by the bank.', 'MYR', '0.00', 'Expenses', NULL, NULL, NULL, 0, 1, '2023-11-06 08:19:08', '2023-11-06 08:19:08'),
('5244323c11a7b20172ea9ecf869b2f6f18ba3b6ce0b', '5500', 'f972839551fa832ea1782ca03408276818ba3b6cdce', 'Interest Earned', NULL, 'MYR', '0.00', 'Other Income', NULL, NULL, NULL, 0, 1, '2023-11-06 08:19:08', '2023-11-06 08:19:08'),
('542f52ed403efcb2fecc3aceace2e13a18ba3b77dea', '3009', '5a8d23e2ead32d6a547bb3800ad43fa918ba3b77de1', 'Goods Received Not Invoiced', 'Goods received from supplier but was not invoiced yet.', 'MYR', '0.00', 'Current Liabilities', NULL, 'Goods Received Not Invoiced', NULL, 1, 1, '2023-11-06 08:19:53', '2023-11-06 08:19:53'),
('556f5805346001b1f020169063de811d18ba3b77dea', '6504', '5a8d23e2ead32d6a547bb3800ad43fa918ba3b77de1', 'Salaries & Wages', 'Salaries paid to your employees.', 'MYR', '0.00', 'Expenses', NULL, 'Salary Expense', NULL, 0, 1, '2023-11-06 08:19:53', '2023-11-06 08:19:53'),
('580ae6fe164dba176951705992e8318618ba3b6ce0b', '6514', 'f972839551fa832ea1782ca03408276818ba3b6cdce', 'Accounting & Other Professional Fees', 'Bookkeeping, accounting, secretary & related fees.', 'MYR', '0.00', 'Expenses', NULL, NULL, NULL, 0, 1, '2023-11-06 08:19:08', '2023-11-06 08:19:08'),
('5b4c37ab10c22ea67952abc92ea5206518ba3b77dea', '1003', '5a8d23e2ead32d6a547bb3800ad43fa918ba3b77de1', 'Undeposited Funds', 'Funds received that yet to be deposited yet.', 'MYR', '0.00', 'Current Assets', 'Operating', NULL, NULL, 0, 1, '2023-11-06 08:19:53', '2023-11-06 08:19:53'),
('5e6992870ef80ede0e0904d7a078018318ba3b77dea', '6508', '5a8d23e2ead32d6a547bb3800ad43fa918ba3b77de1', 'Interest Paid', 'Interest expenses paid to banks & etc.', 'MYR', '0.00', 'Expenses', NULL, NULL, NULL, 0, 1, '2023-11-06 08:19:53', '2023-11-06 08:19:53'),
('5e976145da1545a21badcc3b0f2a962318ba3b77dea', '6001', '5a8d23e2ead32d6a547bb3800ad43fa918ba3b77de1', 'Inventory Adjustment', 'Adjustment made to inventory.', 'MYR', '0.00', 'Cost of Sales', NULL, NULL, NULL, 0, 1, '2023-11-06 08:19:53', '2023-11-06 08:19:53'),
('5f451c3636ebd7dc07bd1e322b026ef118ba3b6ce0b', '6510', 'f972839551fa832ea1782ca03408276818ba3b6cdce', 'Advertising & Promotion', 'Advertising & promotion spent on the business particularly in increasing sales.', 'MYR', '0.00', 'Expenses', NULL, NULL, NULL, 0, 1, '2023-11-06 08:19:08', '2023-11-06 08:19:08'),
('61e159c9ecb785e5da2693c7e78164e118ba3b77dea', '5000', '5a8d23e2ead32d6a547bb3800ad43fa918ba3b77de1', 'Sales Income', NULL, 'MYR', '0.00', 'Income', NULL, NULL, NULL, 0, 1, '2023-11-06 08:19:53', '2023-11-06 08:19:53'),
('61f70f134f0bdf847742d4409239045918ba3b6ce0b', '3003', 'f972839551fa832ea1782ca03408276818ba3b6cdce', 'SST Deferred', 'Deferred SST amount.', 'MYR', '0.00', 'Current Liabilities', NULL, 'SST Deferred', NULL, 1, 1, '2023-11-06 08:19:08', '2023-11-06 08:19:08'),
('69b0f8b580d2012de8f48500449011ae18ba3b77dea', '5500', '5a8d23e2ead32d6a547bb3800ad43fa918ba3b77de1', 'Interest Earned', NULL, 'MYR', '0.00', 'Other Income', NULL, NULL, NULL, 0, 1, '2023-11-06 08:19:53', '2023-11-06 08:19:53'),
('6a173ebb61d520708ff585343027342518ba3b77dea', '6502', '5a8d23e2ead32d6a547bb3800ad43fa918ba3b77de1', 'SOCSO - Employer\'s Contribution', NULL, 'MYR', '0.00', 'Expenses', NULL, 'SOCSO Expense', NULL, 0, 1, '2023-11-06 08:19:53', '2023-11-06 08:19:53'),
('74635e66d736ccffc9ccdef93593415a18ba3b77dea', '6515', '5a8d23e2ead32d6a547bb3800ad43fa918ba3b77de1', 'Rent Expense', 'Rent for office building / area leasing.', 'MYR', '0.00', 'Expenses', NULL, NULL, NULL, 0, 1, '2023-11-06 08:19:53', '2023-11-06 08:19:53'),
('7afa4b4254c5ce5f82f1602771e75c5b18ba3b77dea', '1000-00', '5a8d23e2ead32d6a547bb3800ad43fa918ba3b77de1', 'Cash On Hand', NULL, 'MYR', '0.00', 'Current Assets', NULL, 'Bank/Cash', '92d5217a6dd98f871c83d57b6f9d2c0f18ba3b77dea', 0, 1, '2023-11-06 08:19:53', '2023-11-06 08:19:53'),
('7b3da32436b5f19bb931a8a364e2714518ba3b6ce0b', '6521', 'f972839551fa832ea1782ca03408276818ba3b6cdce', 'Expense Out', NULL, 'MYR', '0.00', 'Expenses', NULL, 'Depreciation', NULL, 0, 1, '2023-11-06 08:19:08', '2023-11-06 08:19:08'),
('7cda224eedd5efc81cf286e0c04fa52818ba3b6ce0a', '1000', 'f972839551fa832ea1782ca03408276818ba3b6cdce', 'Bank & Cash Accounts', NULL, 'MYR', '0.00', 'Current Assets', NULL, 'Bank/Cash', NULL, 0, 1, '2023-11-06 08:19:08', '2023-11-06 08:19:08'),
('87d742cb66682f0453e807438fea7cae18ba3b6ce0b', '6000', 'f972839551fa832ea1782ca03408276818ba3b6cdce', 'Cost of Sales', 'Cost of sales / goods sold by the business.', 'MYR', '0.00', 'Cost of Sales', NULL, NULL, NULL, 0, 1, '2023-11-06 08:19:08', '2023-11-06 08:19:08'),
('8a3bd054a19a6b2f2f7fb16386b4e56a18ba3b6ce0b', '3001', 'f972839551fa832ea1782ca03408276818ba3b6cdce', 'Accounts Payable', 'Payments you owe to your suppliers.', 'MYR', '0.00', 'Current Liabilities', 'Operating', 'Accounts Payable', NULL, 0, 1, '2023-11-06 08:19:08', '2023-11-06 08:19:08'),
('8aaebdb0fe0626d8b63af3b8311d202c18ba3b77dea', '4000', '5a8d23e2ead32d6a547bb3800ad43fa918ba3b77de1', 'Retained Earnings', 'Account used to track past year earnings.', 'MYR', '0.00', 'Equity', NULL, 'Retained Earnings', NULL, 1, 1, '2023-11-06 08:19:53', '2023-11-06 08:19:53'),
('8e09e9007dce34083d44375f02fae9a918ba3b6ce0b', '6512', 'f972839551fa832ea1782ca03408276818ba3b6cdce', 'Telephone & Internet', 'Phone lines, internet connections for the business.', 'MYR', '0.00', 'Expenses', NULL, NULL, NULL, 0, 1, '2023-11-06 08:19:08', '2023-11-06 08:19:08'),
('902f2b7a078dc9ec52e529da1ac493ac18ba3b6ce0b', '5000', 'f972839551fa832ea1782ca03408276818ba3b6cdce', 'Sales Income', NULL, 'MYR', '0.00', 'Income', NULL, NULL, NULL, 0, 1, '2023-11-06 08:19:08', '2023-11-06 08:19:08'),
('903dc2f73703b47f66e7b4b69be9b7dd18ba3b6ce0b', '6001', 'f972839551fa832ea1782ca03408276818ba3b6cdce', 'Inventory Adjustment', 'Adjustment made to inventory.', 'MYR', '0.00', 'Cost of Sales', NULL, NULL, NULL, 0, 1, '2023-11-06 08:19:08', '2023-11-06 08:19:08'),
('91b48d5527318dba0bd32b40a1e7e1e218ba3b6ce0b', '6513', 'f972839551fa832ea1782ca03408276818ba3b6cdce', 'Legal Fees', 'Fees related to legal matters.', 'MYR', '0.00', 'Expenses', NULL, NULL, NULL, 0, 1, '2023-11-06 08:19:08', '2023-11-06 08:19:08'),
('92d5217a6dd98f871c83d57b6f9d2c0f18ba3b77dea', '1000', '5a8d23e2ead32d6a547bb3800ad43fa918ba3b77de1', 'Bank & Cash Accounts', NULL, 'MYR', '0.00', 'Current Assets', NULL, 'Bank/Cash', NULL, 0, 1, '2023-11-06 08:19:53', '2023-11-06 08:19:53'),
('9330e02cb497f994cf6eb37a4f1afc7c18ba3b77dea', '6507', '5a8d23e2ead32d6a547bb3800ad43fa918ba3b77de1', 'General Expense', 'General expenses for running the business.', 'MYR', '0.00', 'Expenses', NULL, NULL, NULL, 0, 1, '2023-11-06 08:19:53', '2023-11-06 08:19:53'),
('9366beb3b39760c5e80be3e8f90e4dd618ba3b77dea', '3003', '5a8d23e2ead32d6a547bb3800ad43fa918ba3b77de1', 'SST Deferred', 'Deferred SST amount.', 'MYR', '0.00', 'Current Liabilities', NULL, 'SST Deferred', NULL, 1, 1, '2023-11-06 08:19:53', '2023-11-06 08:19:53'),
('9a477fc0e04c093c2b3aeaff6f8484ed18ba3b77dea', '6520', '5a8d23e2ead32d6a547bb3800ad43fa918ba3b77de1', 'Daily Commute Expense', 'Road tolls, parking, petrol & other expenses related to business purpose.', 'MYR', '0.00', 'Expenses', NULL, NULL, NULL, 0, 1, '2023-11-06 08:19:53', '2023-11-06 08:19:53'),
('9a85b4136bc13af97a61c5b4a6145bcd18ba3b6ce0b', '6500', 'f972839551fa832ea1782ca03408276818ba3b6cdce', 'SST Expense', NULL, 'MYR', '0.00', 'Expenses', NULL, 'SST Expense', NULL, 1, 1, '2023-11-06 08:19:08', '2023-11-06 08:19:08'),
('9ce6d47f9100c01406c93b67a2dc277318ba3b6ce0b', '1500', 'f972839551fa832ea1782ca03408276818ba3b6cdce', 'Property, Plant & Equipment', NULL, 'MYR', '0.00', 'Non-Current Assets', 'Investing', NULL, NULL, 0, 1, '2023-11-06 08:19:08', '2023-11-06 08:19:08'),
('a23ce8020292b889b1815c53d5d3dc7a18ba3b6ce0b', '1001', 'f972839551fa832ea1782ca03408276818ba3b6cdce', 'Accounts Receivable', 'Expected payments from your customers.', 'MYR', '0.00', 'Current Assets', 'Operating', 'Account Receivable', NULL, 0, 1, '2023-11-06 08:19:08', '2023-11-06 08:19:08'),
('a2fee45201df2a49a462de7b3701e75e18ba3b77dea', '3008', '5a8d23e2ead32d6a547bb3800ad43fa918ba3b77de1', 'Salary Control', 'Salary amount payable to employees.', 'MYR', '0.00', 'Current Liabilities', NULL, 'Salary Control', NULL, 1, 1, '2023-11-06 08:19:53', '2023-11-06 08:19:53'),
('a43ba8ca95748460e9bc5df309d6fad718ba3b6ce0b', '6503', 'f972839551fa832ea1782ca03408276818ba3b6cdce', 'EIS - Employer\'s Contribution', NULL, 'MYR', '0.00', 'Expenses', NULL, 'EIS Expense', NULL, 0, 1, '2023-11-06 08:19:08', '2023-11-06 08:19:08'),
('a93044b55bb34300796be737603b53a618ba3b6ce0b', '6519', 'f972839551fa832ea1782ca03408276818ba3b6cdce', 'Travel Expense', 'Travel expenses incurred for business purpose.', 'MYR', '0.00', 'Expenses', NULL, NULL, NULL, 0, 1, '2023-11-06 08:19:08', '2023-11-06 08:19:08'),
('acd6bfd750b6122c06a3f53d06e3fcd418ba3b77dea', '6514', '5a8d23e2ead32d6a547bb3800ad43fa918ba3b77de1', 'Accounting & Other Professional Fees', 'Bookkeeping, accounting, secretary & related fees.', 'MYR', '0.00', 'Expenses', NULL, NULL, NULL, 0, 1, '2023-11-06 08:19:53', '2023-11-06 08:19:53'),
('ae6befd6a519d3f99c55b784435f424518ba3b6ce0b', '3000', 'f972839551fa832ea1782ca03408276818ba3b6cdce', 'Credit Card Accounts', 'Credit card accounts of the business.', 'MYR', '0.00', 'Current Liabilities', 'Operating', 'Credit Card', NULL, 0, 1, '2023-11-06 08:19:08', '2023-11-06 08:19:08'),
('b12f1b009a3bc78fe97d2fcb1ddc97a718ba3b77dea', '6501', '5a8d23e2ead32d6a547bb3800ad43fa918ba3b77de1', 'EPF - Employer\'s Contribution', NULL, 'MYR', '0.00', 'Expenses', NULL, 'EPF Expense', NULL, 0, 1, '2023-11-06 08:19:53', '2023-11-06 08:19:53'),
('b35cf40d3f58e7f1fcbe719b51fcc10318ba3b6ce0b', '6506', 'f972839551fa832ea1782ca03408276818ba3b6cdce', 'Exchange Loss', 'Loss due to currency exchange rate changes.', 'MYR', '0.00', 'Expenses', NULL, 'Exchange Loss', NULL, 1, 1, '2023-11-06 08:19:08', '2023-11-06 08:19:08'),
('ba9044c1c4d1b6d52215bfddbba5863518ba3b77dea', '6516', '5a8d23e2ead32d6a547bb3800ad43fa918ba3b77de1', 'Office Expense', 'Expenses for running & maintaining the office.', 'MYR', '0.00', 'Expenses', NULL, NULL, NULL, 0, 1, '2023-11-06 08:19:53', '2023-11-06 08:19:53'),
('bba1a7d6f21c8eb7e65fa13bffc2b55518ba3b6ce0b', '3009', 'f972839551fa832ea1782ca03408276818ba3b6cdce', 'Goods Received Not Invoiced', 'Goods received from supplier but was not invoiced yet.', 'MYR', '0.00', 'Current Liabilities', NULL, 'Goods Received Not Invoiced', NULL, 1, 1, '2023-11-06 08:19:08', '2023-11-06 08:19:08'),
('bc19222892e4f48040797a1c367aeef018ba3b6ce0b', '3005', 'f972839551fa832ea1782ca03408276818ba3b6cdce', 'SOCSO Control', 'SOCSO amount payable to Perkeso Malaysia.', 'MYR', '0.00', 'Current Liabilities', NULL, 'SOCSO Control', NULL, 1, 1, '2023-11-06 08:19:08', '2023-11-06 08:19:08'),
('c2abe09bc07c01c0bfdd980083434a3b18ba3b6ce0b', '6518', 'f972839551fa832ea1782ca03408276818ba3b6cdce', 'Meal & Entertainment', 'Meal & entertainment for business purpose.', 'MYR', '0.00', 'Expenses', NULL, NULL, NULL, 0, 1, '2023-11-06 08:19:08', '2023-11-06 08:19:08'),
('c4858c238ca892c6f96bbf4c29fbdf3d18ba3b6ce0b', '6517', 'f972839551fa832ea1782ca03408276818ba3b6cdce', 'Printing & Stationery', 'Expenses from printing & stationery.', 'MYR', '0.00', 'Expenses', NULL, NULL, NULL, 0, 1, '2023-11-06 08:19:08', '2023-11-06 08:19:08'),
('c81a812d2fa157d3069bd3a361b92ba318ba3b6ce0a', '1000-00', 'f972839551fa832ea1782ca03408276818ba3b6cdce', 'Cash On Hand', NULL, 'MYR', '0.00', 'Current Assets', NULL, 'Bank/Cash', '7cda224eedd5efc81cf286e0c04fa52818ba3b6ce0a', 0, 1, '2023-11-06 08:19:08', '2023-11-06 08:19:08'),
('c89ba219b1cc8f4041d2901cf4a8f4ae18ba3b77dea', '3005', '5a8d23e2ead32d6a547bb3800ad43fa918ba3b77de1', 'SOCSO Control', 'SOCSO amount payable to Perkeso Malaysia.', 'MYR', '0.00', 'Current Liabilities', NULL, 'SOCSO Control', NULL, 1, 1, '2023-11-06 08:19:53', '2023-11-06 08:19:53'),
('c98691a5862b81ac91c13ee7c77564bb18ba3b77dea', '1501', '5a8d23e2ead32d6a547bb3800ad43fa918ba3b77de1', 'Rental Income', NULL, 'MYR', '0.00', 'Current Assets', 'Investing', NULL, NULL, 0, 1, '2023-11-06 08:19:53', '2023-11-06 08:19:53'),
('c9d077948e8b4988d261a9f194c0953618ba3b77dea', '6521', '5a8d23e2ead32d6a547bb3800ad43fa918ba3b77de1', 'Expense Out', NULL, 'MYR', '0.00', 'Expenses', NULL, 'Depreciation', NULL, 0, 1, '2023-11-06 08:19:53', '2023-11-06 08:19:53'),
('c9e0892959d43cc8323e1cf4cf2c77ef18ba3b77dea', '5001', '5a8d23e2ead32d6a547bb3800ad43fa918ba3b77de1', 'Discount Given', NULL, 'MYR', '0.00', 'Income', NULL, 'Discount Given', NULL, 1, 1, '2023-11-06 08:19:53', '2023-11-06 08:19:53'),
('cb74554b551ab84733c000211508f36b18ba3b6ce0b', '6515', 'f972839551fa832ea1782ca03408276818ba3b6cdce', 'Rent Expense', 'Rent for office building / area leasing.', 'MYR', '0.00', 'Expenses', NULL, NULL, NULL, 0, 1, '2023-11-06 08:19:08', '2023-11-06 08:19:08'),
('cc044c835fb74d3bb7acefb8975e185618ba3b6ce0b', '6507', 'f972839551fa832ea1782ca03408276818ba3b6cdce', 'General Expense', 'General expenses for running the business.', 'MYR', '0.00', 'Expenses', NULL, NULL, NULL, 0, 1, '2023-11-06 08:19:08', '2023-11-06 08:19:08'),
('cc64e6500ca9994214214f76f211181718ba3b6ce0b', '6501', 'f972839551fa832ea1782ca03408276818ba3b6cdce', 'EPF - Employer\'s Contribution', NULL, 'MYR', '0.00', 'Expenses', NULL, 'EPF Expense', NULL, 0, 1, '2023-11-06 08:19:08', '2023-11-06 08:19:08'),
('cf02ded458ca9c73d0d8cb88a1a883b318ba3b77dea', '6519', '5a8d23e2ead32d6a547bb3800ad43fa918ba3b77de1', 'Travel Expense', 'Travel expenses incurred for business purpose.', 'MYR', '0.00', 'Expenses', NULL, NULL, NULL, 0, 1, '2023-11-06 08:19:53', '2023-11-06 08:19:53'),
('d407dc61c3be7c616d331d6954dcbcf018ba3b77dea', '1500', '5a8d23e2ead32d6a547bb3800ad43fa918ba3b77de1', 'Property, Plant & Equipment', NULL, 'MYR', '0.00', 'Non-Current Assets', 'Investing', NULL, NULL, 0, 1, '2023-11-06 08:19:53', '2023-11-06 08:19:53'),
('d45c81437d3b65fcccf08371300ff9ed18ba3b77dea', '3000', '5a8d23e2ead32d6a547bb3800ad43fa918ba3b77de1', 'Credit Card Accounts', 'Credit card accounts of the business.', 'MYR', '0.00', 'Current Liabilities', 'Operating', 'Credit Card', NULL, 0, 1, '2023-11-06 08:19:53', '2023-11-06 08:19:53'),
('da4879bae96f46ad683346f9c3bec68018ba3b77dea', '6509', '5a8d23e2ead32d6a547bb3800ad43fa918ba3b77de1', 'Bank Charges', 'Fees charged by the bank.', 'MYR', '0.00', 'Expenses', NULL, NULL, NULL, 0, 1, '2023-11-06 08:19:53', '2023-11-06 08:19:53'),
('ddf89dcb62ea9dab57ed84581077ba0718ba3b6ce0b', '3006', 'f972839551fa832ea1782ca03408276818ba3b6cdce', 'EIS Control', 'EIS amount payable to Perkeso Malaysia.', 'MYR', '0.00', 'Current Liabilities', NULL, 'EIS Control', NULL, 1, 1, '2023-11-06 08:19:08', '2023-11-06 08:19:08'),
('e0657b32b957405f2b3ce314d4e76a0818ba3b77dea', '6513', '5a8d23e2ead32d6a547bb3800ad43fa918ba3b77de1', 'Legal Fees', 'Fees related to legal matters.', 'MYR', '0.00', 'Expenses', NULL, NULL, NULL, 0, 1, '2023-11-06 08:19:53', '2023-11-06 08:19:53'),
('e30a4b6af7e2175f7c47689218ca4e1618ba3b77dea', '6511', '5a8d23e2ead32d6a547bb3800ad43fa918ba3b77de1', 'Water & Electricity', 'Water & electricity bills for the business.', 'MYR', '0.00', 'Expenses', NULL, NULL, NULL, 0, 1, '2023-11-06 08:19:53', '2023-11-06 08:19:53'),
('ebe06b56ad2e813ddeb0cd78bd4c192418ba3b6ce0b', '1501', 'f972839551fa832ea1782ca03408276818ba3b6cdce', 'Rental Income', NULL, 'MYR', '0.00', 'Current Assets', 'Investing', NULL, NULL, 0, 1, '2023-11-06 08:19:08', '2023-11-06 08:19:08'),
('ecb5263efedce3bc066bf6cd866f1db418ba3b6ce0b', '3002', 'f972839551fa832ea1782ca03408276818ba3b6cdce', 'SST Payable', 'SST amount payable to Royal Malaysian Customs.', 'MYR', '0.00', 'Current Liabilities', NULL, 'SST Payable', NULL, 1, 1, '2023-11-06 08:19:08', '2023-11-06 08:19:08'),
('ee3eef57a125aa190bab8fc67a5a118118ba3b6ce0b', '3008', 'f972839551fa832ea1782ca03408276818ba3b6cdce', 'Salary Control', 'Salary amount payable to employees.', 'MYR', '0.00', 'Current Liabilities', NULL, 'Salary Control', NULL, 1, 1, '2023-11-06 08:19:08', '2023-11-06 08:19:08'),
('f9c1ab9021bab90898a346a8f1dd3ffe18ba3b6ce0b', '1003', 'f972839551fa832ea1782ca03408276818ba3b6cdce', 'Undeposited Funds', 'Funds received that yet to be deposited yet.', 'MYR', '0.00', 'Current Assets', 'Operating', NULL, NULL, 0, 1, '2023-11-06 08:19:08', '2023-11-06 08:19:08'),
('fad8398340582aa2f90d887e837aba6d18ba3b77dea', '6518', '5a8d23e2ead32d6a547bb3800ad43fa918ba3b77de1', 'Meal & Entertainment', 'Meal & entertainment for business purpose.', 'MYR', '0.00', 'Expenses', NULL, NULL, NULL, 0, 1, '2023-11-06 08:19:53', '2023-11-06 08:19:53'),
('fbe0366978e68fbc1d055235588fe12618ba3b77dea', '3007', '5a8d23e2ead32d6a547bb3800ad43fa918ba3b77de1', 'MTD Control', 'Monthly Tax Deductions (PCB) amount payable to LHDN Malaysia.', 'MYR', '0.00', 'Current Liabilities', NULL, 'MTD Control', NULL, 1, 1, '2023-11-06 08:19:53', '2023-11-06 08:19:53'),
('fd1071e132ef425600635f13e1483bf818ba3b77dea', '6517', '5a8d23e2ead32d6a547bb3800ad43fa918ba3b77de1', 'Printing & Stationery', 'Expenses from printing & stationery.', 'MYR', '0.00', 'Expenses', NULL, NULL, NULL, 0, 1, '2023-11-06 08:19:53', '2023-11-06 08:19:53'),
('fdf879bffebca9c4103a16905ccf5a3a18ba3b77dea', '6500', '5a8d23e2ead32d6a547bb3800ad43fa918ba3b77de1', 'SST Expense', NULL, 'MYR', '0.00', 'Expenses', NULL, 'SST Expense', NULL, 1, 1, '2023-11-06 08:19:53', '2023-11-06 08:19:53'),
('fe3a2884a5a73ce946ff7d4c50b4f51018ba3b6ce0b', '6511', 'f972839551fa832ea1782ca03408276818ba3b6cdce', 'Water & Electricity', 'Water & electricity bills for the business.', 'MYR', '0.00', 'Expenses', NULL, NULL, NULL, 0, 1, '2023-11-06 08:19:08', '2023-11-06 08:19:08');




INSERT INTO `companies` (`company_id`, `user_id`, `legal_name`, `friendly_name`, `registration_no`, `email`, `phone_no`, `website_url`, `country_code`, `logo`, `inventory_system`, `address`, `default_billing_address`, `default_shipping_address`, `created_at`, `updated_at`) VALUES
('5a8d23e2ead32d6a547bb3800ad43fa918ba3b77de1', 'y4ZqAOyIVzT79rwaR1RCjervNlB2', 'whack Donald', 'whackdonald', '04-021233', NULL, NULL, NULL, 'MY', NULL, 'Perpetual', '[]', NULL, NULL, '2023-11-06 08:19:53', '2023-11-06 08:19:53'),
('f972839551fa832ea1782ca03408276818ba3b6cdce', 'b25cpJyMrZXVjMl3YUecd1A1fOD2', 'Donald', 'donald', '04-033444', NULL, NULL, NULL, 'MY', NULL, 'Perpetual', '[]', NULL, NULL, '2023-11-06 08:19:08', '2023-11-06 08:19:08');



INSERT INTO `company_agents` (`user_id`, `company_id`, `first_name`, `status`, `is_owner`, `created_at`, `updated_at`) VALUES
('b25cpJyMrZXVjMl3YUecd1A1fOD2', 'f972839551fa832ea1782ca03408276818ba3b6cdce', 'eason', 1, 1, '2023-11-06 08:19:08', '2023-11-06 08:19:08'),
('y4ZqAOyIVzT79rwaR1RCjervNlB2', '5a8d23e2ead32d6a547bb3800ad43fa918ba3b77de1', 'sheng', 1, 1, '2023-11-06 08:19:53', '2023-11-06 08:19:53');


INSERT INTO `company_settings` (`company_setting_id`, `financial_year_end`, `rounding_adjustment`, `general_sales_service_date`, `default_payment_term`, `default_payment_method`, `transaction_file_name`, `lock_account_until`, `lock_account_passcode`, `contact_credit_limit_passcode`, `default_income_account`, `default_expense_account`, `default_cost_of_sales_account`, `default_transaction_fee_account`, `default_bank_account`, `default_adjustment_account`, `default_receivable_account`, `default_payable_account`, `default_capital_gain_on_disposal`, `default_gain_on_disposal`, `default_loss_on_disposal`, `default_epf_expense`, `default_socso_expense`, `default_eis_expense`, `default_salary_expense`, `active_sales_tax`, `sales_tax_id`, `active_services_tax`, `services_tax_id`, `exempted_tax_codes`, `default_include_tax`, `default_sales_tax_code`, `default_purchases_tax_code`, `custom_numbering`, `default_quotation_format`, `default_sales_order_format`, `default_delivery_order_format`, `default_invoice_format`, `default_credit_note_format`, `default_sales_payment_format`, `default_sales_refund_format`, `default_purchase_order_format`, `default_goods_received_note_format`, `default_bill_format`, `default_supplier_credit_format`, `default_purchase_payment_format`, `default_purchase_refund_format`, `default_money_in_format`, `default_money_out_format`, `default_bank_transfer_format`, `default_journal_entry_format`, `default_contra_format`, `default_quotation_description`, `default_sales_order_description`, `default_delivery_order_description`, `default_invoice_description`, `default_credit_note_description`, `default_sales_payment_description`, `default_sales_refund_description`, `default_purchase_order_description`, `default_goods_received_note_description`, `default_bill_description`, `default_supplier_note_description`, `default_purchase_payment_description`, `default_purchase_refund_description`, `default_money_in_description`, `default_money_out_description`, `default_transfer_description`, `default_jorunal_entry_description`, `default_contra_description`, `default_quotation_remark`, `default_sales_order_remark`, `default_delivery_order_remark`, `default_invoice_remark`, `default_delivery_note_remark`, `default_credit_note_remark`, `default_purchase_order_remark`, `default_goods_received_note_remark`, `default_official_receipt_remark`, `default_payment_voucher_remark`, `default_jorunal_entry_remark`, `default_contra_remark`, `default_contact_statement_remark`, `default_signatures`, `default_quotation_signature`, `default_sales_order_signature`, `default_delivery_order_signature`, `default_invoice_signature`, `default_delivery_note_signature`, `default_credit_note_signature`, `default_official_receipt_signature`, `default_payment_voucher_signature`, `default_purchase_order_signature`, `default_goods_received_note_signature`, `default_bill_signature`, `default_supplier_credit_signature`, `default_journal_entry_signature`, `default_contra_signature`, `default_bank_transfer_signature`, `invoice_send_transaction_email`, `invoice_attact_pdf`, `invoice_cc_email`, `invoice_reply_to_email`, `invoice_user_email`, `invoice_email_subject`, `invoice_quotation_message`, `invoice_sales_order_message`, `invoice_delivery_order_message`, `invoice_invoice_message`, `invoice_credit_note_message`, `invoice_sales_payment_message`, `invoice_sales_refund_message`, `invoice_purchase_order_message`, `invoice_goods_received_note_message`, `invoice_purchase_payment_message`, `invoice_purchase_refund_message`, `invoice_money_in_message`, `invoice_money_out_message`, `invoice_email_footer_message`, `coming_due_reminder`, `coming_due_schedule`, `coming_due_message`, `overdue_reminder`, `over_due_schedule`, `over_due_message`, `statement_reply_to_email`, `statement_email_subject`, `statement_email_message`, `statement_show_unbilled_interest`, `statement_monthly_send`, `statement_send_day`, `statement_period_from`, `statement_period_to`, `statement_show_outstanding`, `company_id`, `created_at`, `updated_at`) VALUES
('76d545e840ba1261b97b623bd6aa01ff18ba3b77e05', 'December', 0, 0, '9d89966e0cf6e8072942f5544d90fbea18ba3b77df8', NULL, '[TRANSACTION.TYPE] - [TRANSACTION.NO]', NULL, NULL, NULL, '61e159c9ecb785e5da2693c7e78164e118ba3b77dea', '9330e02cb497f994cf6eb37a4f1afc7c18ba3b77dea', '2c3c7706a55fef5a05e16f31167b752d18ba3b77dea', 'da4879bae96f46ad683346f9c3bec68018ba3b77dea', '7afa4b4254c5ce5f82f1602771e75c5b18ba3b77dea', 'da4879bae96f46ad683346f9c3bec68018ba3b77dea', '44b17b0181dc9486dd4da1e94648537618ba3b77dea', '459490c8414ffa9ed5d039f2a880b3a118ba3b77dea', NULL, NULL, NULL, 'b12f1b009a3bc78fe97d2fcb1ddc97a718ba3b77dea', '6a173ebb61d520708ff585343027342518ba3b77dea', '311aa1892101685bbb56e359bf1ba92518ba3b77dea', '556f5805346001b1f020169063de811d18ba3b77dea', 0, NULL, 0, NULL, 0, 0, NULL, NULL, 0, 'b4b012ef64368f1f8ab01f2f084287d218ba3b77dfa', 'abf73ed4080ac39a34c47ac78e3b799418ba3b77dfa', 'b5a2eb775561d869b77ae3176384fb8518ba3b77dfa', '4addf767de33616bc553d14fdddc68ec18ba3b77dfa', '2ae9dc3724735c02143da4a063c5ff7b18ba3b77dfa', '6943d369d51f7997bb02550fab3fbbe018ba3b77dfa', '67418671af0717265e9b260f437412f818ba3b77dfa', 'aa83dd4799c28a9ca7d8a96b669e469018ba3b77dfa', 'ac1041230ceaf35ee37ddc7f4354840c18ba3b77dfa', '2ee0d28e9891d28cd845fa5cdfc64f8d18ba3b77dfa', 'fd7bc4be2f7d36400630a15695e57f0618ba3b77dfa', '67418671af0717265e9b260f437412f818ba3b77dfa', '6943d369d51f7997bb02550fab3fbbe018ba3b77dfa', '6943d369d51f7997bb02550fab3fbbe018ba3b77dfa', '67418671af0717265e9b260f437412f818ba3b77dfa', 'ce010ab1dc74fb48d2654cc35a3d7bdb18ba3b77dfa', '72c001e0c427be1d673129b8fcc7252e18ba3b77dfa', '764d90ae1684f5a1b7c873823763966118ba3b77dfa', NULL, NULL, NULL, NULL, NULL, NULL, NULL, NULL, NULL, NULL, NULL, NULL, NULL, NULL, NULL, NULL, NULL, NULL, NULL, NULL, NULL, NULL, NULL, NULL, NULL, NULL, NULL, NULL, NULL, NULL, NULL, '{\"signature1\":{\"bottom_label\":\"Authorised By\",\"text_alignment\":\"Left\"},\"signature2\":{\"bottom_label\":\"Accepted By\",\"text_alignment\":\"Left\"}}', NULL, NULL, '[\"signature1\",\"signature2\"]', NULL, '[\"signature1\",\"signature2\"]', NULL, NULL, NULL, NULL, NULL, NULL, NULL, NULL, NULL, NULL, 1, 0, NULL, NULL, 0, '[TYPE] [TXN_NO] received from [FRIENDLY_NAME]', NULL, NULL, NULL, NULL, NULL, NULL, NULL, NULL, NULL, NULL, NULL, NULL, NULL, NULL, 0, NULL, NULL, 0, NULL, NULL, NULL, 'Your statement of account at [FRIENDLY_NAME]', NULL, 1, 0, NULL, NULL, NULL, 0, '5a8d23e2ead32d6a547bb3800ad43fa918ba3b77de1', '2023-11-06 08:19:53', '2023-11-06 08:19:53'),
('e9d87c368dbc9e4a4ca4914232860f4818ba3b6ce31', 'December', 0, 0, 'a21b5314573009b38e007a38bd9de62718ba3b6ce1c', NULL, '[TRANSACTION.TYPE] - [TRANSACTION.NO]', NULL, NULL, NULL, '902f2b7a078dc9ec52e529da1ac493ac18ba3b6ce0b', 'cc044c835fb74d3bb7acefb8975e185618ba3b6ce0b', '87d742cb66682f0453e807438fea7cae18ba3b6ce0b', '4fa3e5e088583af73aefa1af01d85d1518ba3b6ce0b', 'c81a812d2fa157d3069bd3a361b92ba318ba3b6ce0a', '4fa3e5e088583af73aefa1af01d85d1518ba3b6ce0b', 'a23ce8020292b889b1815c53d5d3dc7a18ba3b6ce0b', '8a3bd054a19a6b2f2f7fb16386b4e56a18ba3b6ce0b', NULL, NULL, NULL, 'cc64e6500ca9994214214f76f211181718ba3b6ce0b', '1eac51ab7ce2186e008be3ba9222fd0018ba3b6ce0b', 'a43ba8ca95748460e9bc5df309d6fad718ba3b6ce0b', '0fb6f51107cb50ccdd88efcb36b9c89018ba3b6ce0b', 0, NULL, 0, NULL, 0, 0, NULL, NULL, 0, 'be6ad594557dcd7ae673fdf69a1f4c6318ba3b6ce1f', '04a2b2d0724e76fef3b10a94e812e3db18ba3b6ce1f', '1cb239b2c2675541e7d8d3a560b68d3918ba3b6ce1f', '7cfcbef4a2ae1d920b8fdf1f1c7e57ad18ba3b6ce1f', 'f636a1522ac370e71e424f1a526dac7218ba3b6ce1f', '2b7bda0b2d2f3aa45bd2fa97d101d4b318ba3b6ce1f', '067e63cb21f7d8cba45adcac8c2b30b518ba3b6ce1f', '0c47372eb08d23e32094f4f668611ca018ba3b6ce1f', '26d6e957eb1a01556ec1e36e7d706a8f18ba3b6ce1f', 'f96b749ad332059eed033f713e7a7cc818ba3b6ce1f', 'c57e6681d8d505a8a1fd526c0c5ffe9518ba3b6ce1f', '067e63cb21f7d8cba45adcac8c2b30b518ba3b6ce1f', '2b7bda0b2d2f3aa45bd2fa97d101d4b318ba3b6ce1f', '2b7bda0b2d2f3aa45bd2fa97d101d4b318ba3b6ce1f', '067e63cb21f7d8cba45adcac8c2b30b518ba3b6ce1f', 'cdc1f5b629548c889d881a72159e20a118ba3b6ce1f', '31290432c0736d8f76f291ac8444e70d18ba3b6ce1f', '4d98d2f2a0259931be8aefe471243f8918ba3b6ce1f', NULL, NULL, NULL, NULL, NULL, NULL, NULL, NULL, NULL, NULL, NULL, NULL, NULL, NULL, NULL, NULL, NULL, NULL, NULL, NULL, NULL, NULL, NULL, NULL, NULL, NULL, NULL, NULL, NULL, NULL, NULL, '{\"signature1\":{\"bottom_label\":\"Authorised By\",\"text_alignment\":\"Left\"},\"signature2\":{\"bottom_label\":\"Accepted By\",\"text_alignment\":\"Left\"}}', NULL, NULL, '[\"signature1\",\"signature2\"]', NULL, '[\"signature1\",\"signature2\"]', NULL, NULL, NULL, NULL, NULL, NULL, NULL, NULL, NULL, NULL, 1, 0, NULL, NULL, 0, '[TYPE] [TXN_NO] received from [FRIENDLY_NAME]', NULL, NULL, NULL, NULL, NULL, NULL, NULL, NULL, NULL, NULL, NULL, NULL, NULL, NULL, 0, NULL, NULL, 0, NULL, NULL, NULL, 'Your statement of account at [FRIENDLY_NAME]', NULL, 1, 0, NULL, NULL, NULL, 0, 'f972839551fa832ea1782ca03408276818ba3b6cdce', '2023-11-06 08:19:08', '2023-11-06 08:19:08');



INSERT INTO `currencies` (`currency_id`, `company_id`, `code`, `is_home_currency`, `is_active`, `created_at`, `updated_at`) VALUES
('20e664ce1a1a618b2bcc57ee7ed3f28118ba3b6ce23', 'f972839551fa832ea1782ca03408276818ba3b6cdce', 'MYR', 1, 0, '2023-11-06 08:19:08', '2023-11-06 08:19:08'),
('ca1b276dd602b0c51e0e5608cb39ab2e18ba3b77dfd', '5a8d23e2ead32d6a547bb3800ad43fa918ba3b77de1', 'MYR', 1, 0, '2023-11-06 08:19:53', '2023-11-06 08:19:53');



INSERT INTO `number_formats` (`number_format_id`, `company_id`, `format`, `number_format_type`, `created_at`, `updated_at`) VALUES
('04a2b2d0724e76fef3b10a94e812e3db18ba3b6ce1f', 'f972839551fa832ea1782ca03408276818ba3b6cdce', 'SO-[5DIGIT]', 'Sales Order', '2023-11-06 08:19:08', '2023-11-06 08:19:08'),
('067e63cb21f7d8cba45adcac8c2b30b518ba3b6ce1f', 'f972839551fa832ea1782ca03408276818ba3b6cdce', 'PV-[5DIGIT]', 'Payment Voucher', '2023-11-06 08:19:08', '2023-11-06 08:19:08'),
('08bb06769f71d0fd05966354703d15ba18ba3b6ce1f', 'f972839551fa832ea1782ca03408276818ba3b6cdce', 'BS[7DIGIT]', 'Invoice', '2023-11-06 08:19:08', '2023-11-06 08:19:08'),
('0a4a5a872aff10b0152f62ffe9473b8c18ba3b6ce1f', 'f972839551fa832ea1782ca03408276818ba3b6cdce', 'DP-[5DIGIT]', 'Deemed Payment', '2023-11-06 08:19:08', '2023-11-06 08:19:08'),
('0c47372eb08d23e32094f4f668611ca018ba3b6ce1f', 'f972839551fa832ea1782ca03408276818ba3b6cdce', 'PO-[5DIGIT]', 'Purchase Order', '2023-11-06 08:19:08', '2023-11-06 08:19:08'),
('1cb239b2c2675541e7d8d3a560b68d3918ba3b6ce1f', 'f972839551fa832ea1782ca03408276818ba3b6cdce', 'DO-[5DIGIT]', 'Delivery Order', '2023-11-06 08:19:08', '2023-11-06 08:19:08'),
('26d6e957eb1a01556ec1e36e7d706a8f18ba3b6ce1f', 'f972839551fa832ea1782ca03408276818ba3b6cdce', 'GR-[5DIGIT]', 'Goods Received Note', '2023-11-06 08:19:08', '2023-11-06 08:19:08'),
('2ae9dc3724735c02143da4a063c5ff7b18ba3b77dfa', '5a8d23e2ead32d6a547bb3800ad43fa918ba3b77de1', 'CN-[5DIGIT]', 'Credit Note', '2023-11-06 08:19:53', '2023-11-06 08:19:53'),
('2b7bda0b2d2f3aa45bd2fa97d101d4b318ba3b6ce1f', 'f972839551fa832ea1782ca03408276818ba3b6cdce', 'OR-[5DIGIT]', 'Official Reciept', '2023-11-06 08:19:08', '2023-11-06 08:19:08'),
('2ee0d28e9891d28cd845fa5cdfc64f8d18ba3b77dfa', '5a8d23e2ead32d6a547bb3800ad43fa918ba3b77de1', 'BL-[5DIGIT]', 'Bill', '2023-11-06 08:19:53', '2023-11-06 08:19:53'),
('31290432c0736d8f76f291ac8444e70d18ba3b6ce1f', 'f972839551fa832ea1782ca03408276818ba3b6cdce', 'JE-[5DIGIT]', 'Journal Entry', '2023-11-06 08:19:08', '2023-11-06 08:19:08'),
('374503ff822d11f417686668f1ed6eef18ba3b6ce1f', 'f972839551fa832ea1782ca03408276818ba3b6cdce', 'SA-[5DIGIT]', 'Stock Adjustment', '2023-11-06 08:19:08', '2023-11-06 08:19:08'),
('4addf767de33616bc553d14fdddc68ec18ba3b77dfa', '5a8d23e2ead32d6a547bb3800ad43fa918ba3b77de1', 'IV-[5DIGIT]', 'Invoice', '2023-11-06 08:19:53', '2023-11-06 08:19:53'),
('4d98d2f2a0259931be8aefe471243f8918ba3b6ce1f', 'f972839551fa832ea1782ca03408276818ba3b6cdce', 'CT-[5DIGIT]', 'Contra', '2023-11-06 08:19:08', '2023-11-06 08:19:08'),
('67418671af0717265e9b260f437412f818ba3b77dfa', '5a8d23e2ead32d6a547bb3800ad43fa918ba3b77de1', 'PV-[5DIGIT]', 'Payment Voucher', '2023-11-06 08:19:53', '2023-11-06 08:19:53'),
('6943d369d51f7997bb02550fab3fbbe018ba3b77dfa', '5a8d23e2ead32d6a547bb3800ad43fa918ba3b77de1', 'OR-[5DIGIT]', 'Official Reciept', '2023-11-06 08:19:53', '2023-11-06 08:19:53'),
('72c001e0c427be1d673129b8fcc7252e18ba3b77dfa', '5a8d23e2ead32d6a547bb3800ad43fa918ba3b77de1', 'JE-[5DIGIT]', 'Journal Entry', '2023-11-06 08:19:53', '2023-11-06 08:19:53'),
('764d90ae1684f5a1b7c873823763966118ba3b77dfa', '5a8d23e2ead32d6a547bb3800ad43fa918ba3b77de1', 'CT-[5DIGIT]', 'Contra', '2023-11-06 08:19:53', '2023-11-06 08:19:53'),
('7cfcbef4a2ae1d920b8fdf1f1c7e57ad18ba3b6ce1f', 'f972839551fa832ea1782ca03408276818ba3b6cdce', 'IV-[5DIGIT]', 'Invoice', '2023-11-06 08:19:08', '2023-11-06 08:19:08'),
('8b6598f5410491971ed7700ec5192f6c18ba3b6ce1f', 'f972839551fa832ea1782ca03408276818ba3b6cdce', 'ST-[5DIGIT]', 'Stock Transfer', '2023-11-06 08:19:08', '2023-11-06 08:19:08'),
('98e4937baf3da999433bee5a01d56d5318ba3b77dfa', '5a8d23e2ead32d6a547bb3800ad43fa918ba3b77de1', 'DP-[5DIGIT]', 'Deemed Payment', '2023-11-06 08:19:53', '2023-11-06 08:19:53'),
('9b08672f657f740aa4d13b1ac3f0b1c118ba3b6ce1f', 'f972839551fa832ea1782ca03408276818ba3b6cdce', 'FA-[5DIGIT]', 'Fixed Asset', '2023-11-06 08:19:08', '2023-11-06 08:19:08'),
('aa83dd4799c28a9ca7d8a96b669e469018ba3b77dfa', '5a8d23e2ead32d6a547bb3800ad43fa918ba3b77de1', 'PO-[5DIGIT]', 'Purchase Order', '2023-11-06 08:19:53', '2023-11-06 08:19:53'),
('abf73ed4080ac39a34c47ac78e3b799418ba3b77dfa', '5a8d23e2ead32d6a547bb3800ad43fa918ba3b77de1', 'SO-[5DIGIT]', 'Sales Order', '2023-11-06 08:19:53', '2023-11-06 08:19:53'),
('ac1041230ceaf35ee37ddc7f4354840c18ba3b77dfa', '5a8d23e2ead32d6a547bb3800ad43fa918ba3b77de1', 'GR-[5DIGIT]', 'Goods Received Note', '2023-11-06 08:19:53', '2023-11-06 08:19:53'),
('b0ba54a9c54be75e442282904b31c57218ba3b77dfa', '5a8d23e2ead32d6a547bb3800ad43fa918ba3b77de1', 'ST-[5DIGIT]', 'Stock Transfer', '2023-11-06 08:19:53', '2023-11-06 08:19:53'),
('b4b012ef64368f1f8ab01f2f084287d218ba3b77dfa', '5a8d23e2ead32d6a547bb3800ad43fa918ba3b77de1', 'QT-[5DIGIT]', 'Quotation', '2023-11-06 08:19:53', '2023-11-06 08:19:53'),
('b4dbfef05e054af03476e1f379ff51f118ba3b77dfa', '5a8d23e2ead32d6a547bb3800ad43fa918ba3b77de1', 'FA-[5DIGIT]', 'Fixed Asset', '2023-11-06 08:19:53', '2023-11-06 08:19:53'),
('b5a2eb775561d869b77ae3176384fb8518ba3b77dfa', '5a8d23e2ead32d6a547bb3800ad43fa918ba3b77de1', 'DO-[5DIGIT]', 'Delivery Order', '2023-11-06 08:19:53', '2023-11-06 08:19:53'),
('be6ad594557dcd7ae673fdf69a1f4c6318ba3b6ce1f', 'f972839551fa832ea1782ca03408276818ba3b6cdce', 'QT-[5DIGIT]', 'Quotation', '2023-11-06 08:19:08', '2023-11-06 08:19:08'),
('c57e6681d8d505a8a1fd526c0c5ffe9518ba3b6ce1f', 'f972839551fa832ea1782ca03408276818ba3b6cdce', 'SC-[5DIGIT]', 'Purchase Credit Note', '2023-11-06 08:19:08', '2023-11-06 08:19:08'),
('cdc1f5b629548c889d881a72159e20a118ba3b6ce1f', 'f972839551fa832ea1782ca03408276818ba3b6cdce', 'FT-[5DIGIT]', 'Bank Transfer', '2023-11-06 08:19:08', '2023-11-06 08:19:08'),
('ce010ab1dc74fb48d2654cc35a3d7bdb18ba3b77dfa', '5a8d23e2ead32d6a547bb3800ad43fa918ba3b77de1', 'FT-[5DIGIT]', 'Bank Transfer', '2023-11-06 08:19:53', '2023-11-06 08:19:53'),
('e5722066e1852df85886c508bfffe4fd18ba3b77dfa', '5a8d23e2ead32d6a547bb3800ad43fa918ba3b77de1', 'BS[7DIGIT]', 'Invoice', '2023-11-06 08:19:53', '2023-11-06 08:19:53'),
('e6546d01da1e573e064d05896591d1b318ba3b77dfa', '5a8d23e2ead32d6a547bb3800ad43fa918ba3b77de1', 'SA-[5DIGIT]', 'Stock Adjustment', '2023-11-06 08:19:53', '2023-11-06 08:19:53'),
('f636a1522ac370e71e424f1a526dac7218ba3b6ce1f', 'f972839551fa832ea1782ca03408276818ba3b6cdce', 'CN-[5DIGIT]', 'Credit Note', '2023-11-06 08:19:08', '2023-11-06 08:19:08'),
('f96b749ad332059eed033f713e7a7cc818ba3b6ce1f', 'f972839551fa832ea1782ca03408276818ba3b6cdce', 'BL-[5DIGIT]', 'Bill', '2023-11-06 08:19:08', '2023-11-06 08:19:08'),
('fd7bc4be2f7d36400630a15695e57f0618ba3b77dfa', '5a8d23e2ead32d6a547bb3800ad43fa918ba3b77de1', 'SC-[5DIGIT]', 'Purchase Credit Note', '2023-11-06 08:19:53', '2023-11-06 08:19:53');



INSERT INTO `payment_methods` (`payment_method_id`, `company_id`, `name`, `description`, `deposit_account`, `default_fee_amount`, `default_fee_account`, `is_active`, `created_at`, `updated_at`) VALUES
('11e8be489dfa88fbdad3e744a8e21c3c18ba3b77df6', '5a8d23e2ead32d6a547bb3800ad43fa918ba3b77de1', 'Cash', NULL, NULL, NULL, NULL, 1, '2023-11-06 08:19:53', '2023-11-06 08:19:53'),
('1bd65e8fe28f248b25d63ec037520a2f18ba3b77df6', '5a8d23e2ead32d6a547bb3800ad43fa918ba3b77de1', 'Credit Card', NULL, NULL, NULL, NULL, 1, '2023-11-06 08:19:53', '2023-11-06 08:19:53'),
('4c8bd3237f4107b3ecfab936b0c523b018ba3b77df6', '5a8d23e2ead32d6a547bb3800ad43fa918ba3b77de1', 'Bank Transfer', NULL, NULL, NULL, NULL, 1, '2023-11-06 08:19:53', '2023-11-06 08:19:53'),
('62af1c9797dcea3dd9f77ed71e428add18ba3b6ce1a', 'f972839551fa832ea1782ca03408276818ba3b6cdce', 'Payment Gateway', NULL, NULL, NULL, NULL, 1, '2023-11-06 08:19:08', '2023-11-06 08:19:08'),
('8e3c283ffb06dfcd3826e955605438e418ba3b77df6', '5a8d23e2ead32d6a547bb3800ad43fa918ba3b77de1', 'Cheque', NULL, NULL, NULL, NULL, 1, '2023-11-06 08:19:53', '2023-11-06 08:19:53'),
('c3267dfb8fef86943cb68cec79ee89a418ba3b6ce1a', 'f972839551fa832ea1782ca03408276818ba3b6cdce', 'Credit Card', NULL, NULL, NULL, NULL, 1, '2023-11-06 08:19:08', '2023-11-06 08:19:08'),
('d8feb2b5c96854efb930b2b20a6d115c18ba3b6ce1a', 'f972839551fa832ea1782ca03408276818ba3b6cdce', 'Cash', NULL, NULL, NULL, NULL, 1, '2023-11-06 08:19:08', '2023-11-06 08:19:08'),
('df997d72ae44c6ccf3cb6facb085c8e418ba3b6ce1a', 'f972839551fa832ea1782ca03408276818ba3b6cdce', 'Cheque', NULL, NULL, NULL, NULL, 1, '2023-11-06 08:19:08', '2023-11-06 08:19:08'),
('e176e0b6ecc6888ccd8e907b2f70d5cd18ba3b77df6', '5a8d23e2ead32d6a547bb3800ad43fa918ba3b77de1', 'Payment Gateway', NULL, NULL, NULL, NULL, 1, '2023-11-06 08:19:53', '2023-11-06 08:19:53'),
('e88b9a16e8ea5aa471694deb67b9791918ba3b6ce1a', 'f972839551fa832ea1782ca03408276818ba3b6cdce', 'Other', NULL, NULL, NULL, NULL, 1, '2023-11-06 08:19:08', '2023-11-06 08:19:08'),
('f36f4521ff47908daf8e6f9c4c624cdc18ba3b6ce1a', 'f972839551fa832ea1782ca03408276818ba3b6cdce', 'Bank Transfer', NULL, NULL, NULL, NULL, 1, '2023-11-06 08:19:08', '2023-11-06 08:19:08'),
('fa46882c1e16d7a9199ebf3f8b2ce8bd18ba3b77df6', '5a8d23e2ead32d6a547bb3800ad43fa918ba3b77de1', 'Online Payment', NULL, NULL, NULL, NULL, 1, '2023-11-06 08:19:53', '2023-11-06 08:19:53'),
('fd44c3215ccaded663fc929b91cb2d4418ba3b77df6', '5a8d23e2ead32d6a547bb3800ad43fa918ba3b77de1', 'Other', NULL, NULL, NULL, NULL, 1, '2023-11-06 08:19:53', '2023-11-06 08:19:53'),
('fe39f98b370a2b2d4934063a730c8ee518ba3b6ce1a', 'f972839551fa832ea1782ca03408276818ba3b6cdce', 'Online Payment', NULL, NULL, NULL, NULL, 1, '2023-11-06 08:19:08', '2023-11-06 08:19:08');



INSERT INTO `payment_terms` (`payment_term_id`, `company_id`, `name`, `description`, `type`, `value`, `activate`, `interest_rate`, `interest_account`, `interest_product`, `is_active`, `created_at`, `updated_at`) VALUES
('19536fa08ac900a15abbd78b53e3ea9518ba3b6ce1c', 'f972839551fa832ea1782ca03408276818ba3b6cdce', 'COD', 'Cash on delivery(Due on the same day).', 'In Days', 0, 0, NULL, NULL, NULL, 1, '2023-11-06 08:19:08', '2023-11-06 08:19:08'),
('23ee5f257f5cf5595fed0f6761f1dd8618ba3b77df8', '5a8d23e2ead32d6a547bb3800ad43fa918ba3b77de1', 'NET14', 'Due in 14 days.', 'In Days', 14, 0, NULL, NULL, NULL, 1, '2023-11-06 08:19:53', '2023-11-06 08:19:53'),
('36f591fe267cf854016c4860f62a8ffe18ba3b77df8', '5a8d23e2ead32d6a547bb3800ad43fa918ba3b77de1', 'DOM25', 'Due on the 25th of invoice month or following month (if already past).', 'Day of Month', 25, 0, NULL, NULL, NULL, 1, '2023-11-06 08:19:53', '2023-11-06 08:19:53'),
('50081f66c3f477c98dfca9e496a416d518ba3b6ce1c', 'f972839551fa832ea1782ca03408276818ba3b6cdce', 'EOFM', 'Due at the end of following month.', 'End of Month', 1, 0, NULL, NULL, NULL, 1, '2023-11-06 08:19:08', '2023-11-06 08:19:08'),
('632d52f232e4b9d039627a0dbc30f2e818ba3b77df8', '5a8d23e2ead32d6a547bb3800ad43fa918ba3b77de1', 'EOFM', 'Due at the end of following month.', 'End of Month', 1, 0, NULL, NULL, NULL, 1, '2023-11-06 08:19:53', '2023-11-06 08:19:53'),
('88dbbe23ee499859c5826598c7d5587618ba3b6ce1c', 'f972839551fa832ea1782ca03408276818ba3b6cdce', 'DOM25', 'Due on the 25th of invoice month or following month (if already past).', 'Day of Month', 25, 0, NULL, NULL, NULL, 1, '2023-11-06 08:19:08', '2023-11-06 08:19:08'),
('974fd3bab769ded72e8873bdf8b858fa18ba3b6ce1c', 'f972839551fa832ea1782ca03408276818ba3b6cdce', 'NET14', 'Due in 14 days.', 'In Days', 14, 0, NULL, NULL, NULL, 1, '2023-11-06 08:19:08', '2023-11-06 08:19:08'),
('9d89966e0cf6e8072942f5544d90fbea18ba3b77df8', '5a8d23e2ead32d6a547bb3800ad43fa918ba3b77de1', 'NET30', 'Due in 30 days.', 'In Days', 30, 0, NULL, NULL, NULL, 1, '2023-11-06 08:19:53', '2023-11-06 08:19:53'),
('a21b5314573009b38e007a38bd9de62718ba3b6ce1c', 'f972839551fa832ea1782ca03408276818ba3b6cdce', 'NET30', 'Due in 30 days.', 'In Days', 30, 0, NULL, NULL, NULL, 1, '2023-11-06 08:19:08', '2023-11-06 08:19:08'),
('ab3dfee4ee1ed4978818abd01975453818ba3b6ce1c', 'f972839551fa832ea1782ca03408276818ba3b6cdce', 'EOM', 'Due at the end of month.', 'End of Month', 0, 0, NULL, NULL, NULL, 1, '2023-11-06 08:19:08', '2023-11-06 08:19:08'),
('b61f149c013021ad32e841ad8d61a0e618ba3b77df8', '5a8d23e2ead32d6a547bb3800ad43fa918ba3b77de1', 'COD', 'Cash on delivery(Due on the same day).', 'In Days', 0, 0, NULL, NULL, NULL, 1, '2023-11-06 08:19:53', '2023-11-06 08:19:53'),
('ce8517d6e3e81563ba773aba069aa37c18ba3b77df8', '5a8d23e2ead32d6a547bb3800ad43fa918ba3b77de1', 'EOM', 'Due at the end of month.', 'End of Month', 0, 0, NULL, NULL, NULL, 1, '2023-11-06 08:19:53', '2023-11-06 08:19:53'),
('ee117ca9be32fd0695f50011d74ea7ee18ba3b77df8', '5a8d23e2ead32d6a547bb3800ad43fa918ba3b77de1', 'NET60', 'Due in 60 days.', 'In Days', 60, 0, NULL, NULL, NULL, 1, '2023-11-06 08:19:53', '2023-11-06 08:19:53'),
('ef9b95ec2140359ae4c0ba9b4614a13a18ba3b6ce1c', 'f972839551fa832ea1782ca03408276818ba3b6cdce', 'NET60', 'Due in 60 days.', 'In Days', 60, 0, NULL, NULL, NULL, 1, '2023-11-06 08:19:08', '2023-11-06 08:19:08');



INSERT INTO `price_levels` (`price_level_id`, `company_id`, `name`, `is_active`, `created_at`, `updated_at`) VALUES
('23c7bf34fb9866ca8ad4f10be52d3a7e18ba3b6ce2d', 'f972839551fa832ea1782ca03408276818ba3b6cdce', 'High', 1, '2023-11-06 08:19:08', '2023-11-06 08:19:08'),
('2e68bc74e7a10a1e678675187e8d005818ba3b77e04', '5a8d23e2ead32d6a547bb3800ad43fa918ba3b77de1', 'High', 1, '2023-11-06 08:19:53', '2023-11-06 08:19:53'),
('32f5d4793e045512aa86af1df7b139f018ba3b77e04', '5a8d23e2ead32d6a547bb3800ad43fa918ba3b77de1', 'Low', 1, '2023-11-06 08:19:53', '2023-11-06 08:19:53'),
('b36d38528f3890fa19b4f2715f570d3418ba3b6ce2d', 'f972839551fa832ea1782ca03408276818ba3b6cdce', 'Low', 1, '2023-11-06 08:19:08', '2023-11-06 08:19:08');



INSERT INTO `roles` (`role_id`, `company_id`, `role_name`, `is_default`, `type`, `permissions`, `manage_users`, `manage_roles`, `bypass_lock_period`, `created_at`, `updated_at`) VALUES
('451dd915e07a155ad742ee1a5d5ca25118ba3b6ce27', 'f972839551fa832ea1782ca03408276818ba3b6cdce', 'Admin', 1, 'ADMINISTRATOR', '{\"dashboard\":\"READ\",\"sales\":{\"value\":\"DELETE\",\"modifiers\":{\"M1\":false,\"M2\":false,\"M3\":false},\"combine\":true,\"quotations\":{\"value\":\"DELETE\",\"modifiers\":{\"M1\":false,\"M2\":false,\"M3\":false}},\"sales_orders\":{\"value\":\"DELETE\",\"modifiers\":{\"M1\":false,\"M2\":false,\"M3\":false}},\"delivery_orders\":{\"value\":\"DELETE\",\"modifiers\":{\"M1\":false,\"M2\":false,\"M3\":false}},\"invoices\":{\"value\":\"DELETE\",\"modifiers\":{\"M1\":false,\"M2\":false,\"M3\":false}},\"credit_notes\":{\"value\":\"DELETE\",\"modifiers\":{\"M1\":false,\"M2\":false,\"M3\":false}},\"payments\":{\"value\":\"DELETE\",\"modifiers\":{\"M1\":false,\"M2\":false,\"M3\":false}},\"refunds\":{\"value\":\"DELETE\",\"modifiers\":{\"M1\":false,\"M2\":false,\"M3\":false}}},\"purchases\":{\"value\":\"DELETE\",\"modifiers\":{\"M1\":false,\"M2\":false,\"M3\":false},\"combine\":true,\"purchase_order\":{\"value\":\"DELETE\",\"modifiers\":{\"M1\":false,\"M2\":false,\"M3\":false}},\"goods_received_notes\":{\"value\":\"DELETE\",\"modifiers\":{\"M1\":false,\"M2\":false,\"M3\":false}},\"bills\":{\"value\":\"DELETE\",\"modifiers\":{\"M1\":false,\"M2\":false,\"M3\":false}},\"credit_notes\":{\"value\":\"DELETE\",\"modifiers\":{\"M1\":false,\"M2\":false,\"M3\":false}},\"payments\":{\"value\":\"DELETE\",\"modifiers\":{\"M1\":false,\"M2\":false,\"M3\":false}},\"refunds\":{\"value\":\"DELETE\",\"modifiers\":{\"M1\":false,\"M2\":false,\"M3\":false}}},\"bank\":{\"value\":\"DELETE\",\"modifiers\":{\"M1\":false,\"M2\":false,\"M3\":false},\"combine\":true,\"money_in\":{\"value\":\"DELETE\",\"modifiers\":{\"M1\":false,\"M2\":false,\"M3\":false}},\"money_out\":{\"value\":\"DELETE\",\"modifiers\":{\"M1\":false,\"M2\":false,\"M3\":false}},\"transfer\":{\"value\":\"DELETE\",\"modifiers\":{\"M1\":false,\"M2\":false,\"M3\":false}},\"accounts\":{\"value\":\"DELETE\",\"modifiers\":{\"M1\":false,\"M2\":false,\"M3\":false}}},\"contacts\":\"DELETE\",\"products\":\"DELETE\",\"reports\":{\"value\":\"READ\",\"combine\":true,\"profit_and_loss\":{\"value\":\"READ\",\"modifiers\":{\"M1\":false,\"M2\":false,\"M3\":false}},\"account_balance_sheet\":{\"value\":\"READ\",\"modifiers\":{\"M1\":false,\"M2\":false,\"M3\":false}},\"cash_flow_statement\":{\"value\":\"READ\",\"modifiers\":{\"M1\":false,\"M2\":false,\"M3\":false}},\"financial_summary\":{\"value\":\"READ\",\"modifiers\":{\"M1\":false,\"M2\":false,\"M3\":false}}},\"accounting\":{\"value\":\"READ\",\"combine\":true,\"journal_entries\":{\"value\":\"DELETE\",\"modifiers\":{\"M1\":false,\"M2\":false,\"M3\":false}},\"chart_of_accounts\":{\"value\":\"DELETE\",\"modifiers\":{\"M1\":false,\"M2\":false,\"M3\":false}},\"modifiers\":{}},\"control_panel\":{\"value\":\"DELETE\",\"modifiers\":{\"M1\":false,\"M2\":false,\"M3\":false},\"combine\":true,\"payment_terms\":{\"value\":\"DELETE\",\"modifiers\":{\"M1\":false,\"M2\":false,\"M3\":false}},\"payment_methods\":{\"value\":\"DELETE\",\"modifiers\":{\"M1\":false,\"M2\":false,\"M3\":false}},\"currencies\":{\"value\":\"DELETE\",\"modifiers\":{\"M1\":false,\"M2\":false,\"M3\":false}},\"tags\":{\"value\":\"DELETE\",\"modifiers\":{\"M1\":false,\"M2\":false,\"M3\":false}},\"asset_types\":{\"value\":\"DELETE\",\"modifiers\":{\"M1\":false,\"M2\":false,\"M3\":false}},\"locations\":{\"value\":\"DELETE\",\"modifiers\":{\"M1\":false,\"M2\":false,\"M3\":false}},\"custom_fields\":{\"value\":\"DELETE\",\"modifiers\":{\"M1\":false,\"M2\":false,\"M3\":false}},\"number_format\":{\"value\":\"DELETE\",\"modifiers\":{\"M1\":false,\"M2\":false,\"M3\":false}},\"form_designs\":{\"value\":\"DELETE\",\"modifiers\":{\"M1\":false,\"M2\":false,\"M3\":false}},\"company_profile\":{\"value\":\"UPDATE\",\"modifiers\":{\"M1\":false,\"M2\":false,\"M3\":false}},\"company_settings\":{\"value\":\"UPDATE\",\"modifiers\":{\"M1\":false,\"M2\":false,\"M3\":false}},\"backup_data\":{\"value\":\"READ\",\"modifiers\":{\"M1\":false,\"M2\":false,\"M3\":false}}}}', 1, 1, 1, '2023-11-06 08:19:08', '2023-11-06 08:19:08'),
('98a5bd81296ced4e47880360e8d7297f18ba3b77e00', '5a8d23e2ead32d6a547bb3800ad43fa918ba3b77de1', 'Admin', 1, 'ADMINISTRATOR', '{\"dashboard\":\"READ\",\"sales\":{\"value\":\"DELETE\",\"modifiers\":{\"M1\":false,\"M2\":false,\"M3\":false},\"combine\":true,\"quotations\":{\"value\":\"DELETE\",\"modifiers\":{\"M1\":false,\"M2\":false,\"M3\":false}},\"sales_orders\":{\"value\":\"DELETE\",\"modifiers\":{\"M1\":false,\"M2\":false,\"M3\":false}},\"delivery_orders\":{\"value\":\"DELETE\",\"modifiers\":{\"M1\":false,\"M2\":false,\"M3\":false}},\"invoices\":{\"value\":\"DELETE\",\"modifiers\":{\"M1\":false,\"M2\":false,\"M3\":false}},\"credit_notes\":{\"value\":\"DELETE\",\"modifiers\":{\"M1\":false,\"M2\":false,\"M3\":false}},\"payments\":{\"value\":\"DELETE\",\"modifiers\":{\"M1\":false,\"M2\":false,\"M3\":false}},\"refunds\":{\"value\":\"DELETE\",\"modifiers\":{\"M1\":false,\"M2\":false,\"M3\":false}}},\"purchases\":{\"value\":\"DELETE\",\"modifiers\":{\"M1\":false,\"M2\":false,\"M3\":false},\"combine\":true,\"purchase_order\":{\"value\":\"DELETE\",\"modifiers\":{\"M1\":false,\"M2\":false,\"M3\":false}},\"goods_received_notes\":{\"value\":\"DELETE\",\"modifiers\":{\"M1\":false,\"M2\":false,\"M3\":false}},\"bills\":{\"value\":\"DELETE\",\"modifiers\":{\"M1\":false,\"M2\":false,\"M3\":false}},\"credit_notes\":{\"value\":\"DELETE\",\"modifiers\":{\"M1\":false,\"M2\":false,\"M3\":false}},\"payments\":{\"value\":\"DELETE\",\"modifiers\":{\"M1\":false,\"M2\":false,\"M3\":false}},\"refunds\":{\"value\":\"DELETE\",\"modifiers\":{\"M1\":false,\"M2\":false,\"M3\":false}}},\"bank\":{\"value\":\"DELETE\",\"modifiers\":{\"M1\":false,\"M2\":false,\"M3\":false},\"combine\":true,\"money_in\":{\"value\":\"DELETE\",\"modifiers\":{\"M1\":false,\"M2\":false,\"M3\":false}},\"money_out\":{\"value\":\"DELETE\",\"modifiers\":{\"M1\":false,\"M2\":false,\"M3\":false}},\"transfer\":{\"value\":\"DELETE\",\"modifiers\":{\"M1\":false,\"M2\":false,\"M3\":false}},\"accounts\":{\"value\":\"DELETE\",\"modifiers\":{\"M1\":false,\"M2\":false,\"M3\":false}}},\"contacts\":\"DELETE\",\"products\":\"DELETE\",\"reports\":{\"value\":\"READ\",\"combine\":true,\"profit_and_loss\":{\"value\":\"READ\",\"modifiers\":{\"M1\":false,\"M2\":false,\"M3\":false}},\"account_balance_sheet\":{\"value\":\"READ\",\"modifiers\":{\"M1\":false,\"M2\":false,\"M3\":false}},\"cash_flow_statement\":{\"value\":\"READ\",\"modifiers\":{\"M1\":false,\"M2\":false,\"M3\":false}},\"financial_summary\":{\"value\":\"READ\",\"modifiers\":{\"M1\":false,\"M2\":false,\"M3\":false}}},\"accounting\":{\"value\":\"READ\",\"combine\":true,\"journal_entries\":{\"value\":\"DELETE\",\"modifiers\":{\"M1\":false,\"M2\":false,\"M3\":false}},\"chart_of_accounts\":{\"value\":\"DELETE\",\"modifiers\":{\"M1\":false,\"M2\":false,\"M3\":false}},\"modifiers\":{}},\"control_panel\":{\"value\":\"DELETE\",\"modifiers\":{\"M1\":false,\"M2\":false,\"M3\":false},\"combine\":true,\"payment_terms\":{\"value\":\"DELETE\",\"modifiers\":{\"M1\":false,\"M2\":false,\"M3\":false}},\"payment_methods\":{\"value\":\"DELETE\",\"modifiers\":{\"M1\":false,\"M2\":false,\"M3\":false}},\"currencies\":{\"value\":\"DELETE\",\"modifiers\":{\"M1\":false,\"M2\":false,\"M3\":false}},\"tags\":{\"value\":\"DELETE\",\"modifiers\":{\"M1\":false,\"M2\":false,\"M3\":false}},\"asset_types\":{\"value\":\"DELETE\",\"modifiers\":{\"M1\":false,\"M2\":false,\"M3\":false}},\"locations\":{\"value\":\"DELETE\",\"modifiers\":{\"M1\":false,\"M2\":false,\"M3\":false}},\"custom_fields\":{\"value\":\"DELETE\",\"modifiers\":{\"M1\":false,\"M2\":false,\"M3\":false}},\"number_format\":{\"value\":\"DELETE\",\"modifiers\":{\"M1\":false,\"M2\":false,\"M3\":false}},\"form_designs\":{\"value\":\"DELETE\",\"modifiers\":{\"M1\":false,\"M2\":false,\"M3\":false}},\"company_profile\":{\"value\":\"UPDATE\",\"modifiers\":{\"M1\":false,\"M2\":false,\"M3\":false}},\"company_settings\":{\"value\":\"UPDATE\",\"modifiers\":{\"M1\":false,\"M2\":false,\"M3\":false}},\"backup_data\":{\"value\":\"READ\",\"modifiers\":{\"M1\":false,\"M2\":false,\"M3\":false}}}}', 1, 1, 1, '2023-11-06 08:19:53', '2023-11-06 08:19:53');



INSERT INTO `role_agents` (`user_id`, `role_id`, `created_at`, `updated_at`) VALUES
('b25cpJyMrZXVjMl3YUecd1A1fOD2', '451dd915e07a155ad742ee1a5d5ca25118ba3b6ce27', '2023-11-06 08:19:08', '2023-11-06 08:19:08'),
('y4ZqAOyIVzT79rwaR1RCjervNlB2', '98a5bd81296ced4e47880360e8d7297f18ba3b77e00', '2023-11-06 08:19:53', '2023-11-06 08:19:53');



INSERT INTO `file_manager` (`file_id`, `company_id`, `name`, `size`, `type`, `url`, `created_at`, `updated_at`) VALUES ('file-001', '5a8d23e2ead32d6a547bb3800ad43fa918ba3b77de1', 'test', '1000', 'images/jpg', 'https://statusneo.com/wp-content/uploads/2023/02/MicrosoftTeams-image551ad57e01403f080a9df51975ac40b6efba82553c323a742b42b1c71c1e45f1.jpg', '2023-11-08 05:15:12.000000', '2023-11-08 05:15:12.000000');
INSERT INTO `file_manager` (`file_id`, `company_id`, `name`, `size`, `type`, `url`, `created_at`, `updated_at`) VALUES ('file-002', 'f972839551fa832ea1782ca03408276818ba3b6cdce', 'test', '1000', 'images/jpg', 'https://statusneo.com/wp-content/uploads/2023/02/MicrosoftTeams-image551ad57e01403f080a9df51975ac40b6efba82553c323a742b42b1c71c1e45f1.jpg', '2023-11-08 05:16:01.000000', '2023-11-08 05:16:01.000000');